{"IcoMoonType":"selection","icons":[{"icon":{"paths":["M658.286 475.429c0-141.143-114.857-256-256-256s-256 114.857-256 256 114.857 256 256 256 256-114.857 256-256zM950.857 950.857c0 40-33.143 73.143-73.143 73.143-19.429 0-38.286-8-51.429-21.714l-196-195.429c-66.857 46.286-146.857 70.857-228 70.857-222.286 0-402.286-180-402.286-402.286s180-402.286 402.286-402.286 402.286 180 402.286 402.286c0 81.143-24.571 161.143-70.857 228l196 196c13.143 13.143 21.143 32 21.143 51.429z"],"width":950.8571428571428,"attrs":[],"isMulticolor":false,"isMulticolor2":false,"tags":["search"],"defaultCode":61442,"grid":14},"attrs":[],"properties":{"name":"search","id":6,"order":12,"prevSize":28,"code":61442},"setIdx":0,"setId":2,"iconIdx":6},{"icon":{"paths":["M804.571 566.857v274.286c0 20-16.571 36.571-36.571 36.571h-219.429v-219.429h-146.286v219.429h-219.429c-20 0-36.571-16.571-36.571-36.571v-274.286c0-1.143 0.571-2.286 0.571-3.429l328.571-270.857 328.571 270.857c0.571 1.143 0.571 2.286 0.571 3.429zM932 527.429l-35.429 42.286c-2.857 3.429-7.429 5.714-12 6.286h-1.714c-4.571 0-8.571-1.143-12-4l-395.429-329.714-395.429 329.714c-4 2.857-8.571 4.571-13.714 4-4.571-0.571-9.143-2.857-12-6.286l-35.429-42.286c-6.286-7.429-5.143-19.429 2.286-25.714l410.857-342.286c24-20 62.857-20 86.857 0l139.429 116.571v-111.429c0-10.286 8-18.286 18.286-18.286h109.714c10.286 0 18.286 8 18.286 18.286v233.143l125.143 104c7.429 6.286 8.571 18.286 2.286 25.714z"],"width":950.8571428571428,"attrs":[],"isMulticolor":false,"isMulticolor2":false,"tags":["home"],"defaultCode":61461,"grid":14},"attrs":[],"properties":{"name":"home","id":24,"order":10,"prevSize":28,"code":61461},"setIdx":0,"setId":2,"iconIdx":24},{"icon":{"paths":["M135.429 808h132v-396.571h-132v396.571zM276 289.143c-0.571-38.857-28.571-68.571-73.714-68.571s-74.857 29.714-74.857 68.571c0 37.714 28.571 68.571 73.143 68.571h0.571c46.286 0 74.857-30.857 74.857-68.571zM610.286 808h132v-227.429c0-121.714-65.143-178.286-152-178.286-70.857 0-102.286 39.429-119.429 66.857h1.143v-57.714h-132s1.714 37.143 0 396.571v0h132v-221.714c0-11.429 0.571-23.429 4-32 9.714-23.429 31.429-48 68-48 47.429 0 66.286 36 66.286 89.714v212zM877.714 237.714v548.571c0 90.857-73.714 164.571-164.571 164.571h-548.571c-90.857 0-164.571-73.714-164.571-164.571v-548.571c0-90.857 73.714-164.571 164.571-164.571h548.571c90.857 0 164.571 73.714 164.571 164.571z"],"width":877.7142857142857,"attrs":[],"isMulticolor":false,"isMulticolor2":false,"tags":["linkedin-square"],"defaultCode":61580,"grid":14},"attrs":[],"properties":{"name":"linkedin-square","id":133,"order":4,"prevSize":28,"code":61580},"setIdx":0,"setId":2,"iconIdx":133},{"icon":{"paths":["M925.714 233.143c-25.143 36.571-56.571 69.143-92.571 95.429 0.571 8 0.571 16 0.571 24 0 244-185.714 525.143-525.143 525.143-104.571 0-201.714-30.286-283.429-82.857 14.857 1.714 29.143 2.286 44.571 2.286 86.286 0 165.714-29.143 229.143-78.857-81.143-1.714-149.143-54.857-172.571-128 11.429 1.714 22.857 2.857 34.857 2.857 16.571 0 33.143-2.286 48.571-6.286-84.571-17.143-148-91.429-148-181.143v-2.286c24.571 13.714 53.143 22.286 83.429 23.429-49.714-33.143-82.286-89.714-82.286-153.714 0-34.286 9.143-65.714 25.143-93.143 90.857 112 227.429 185.143 380.571 193.143-2.857-13.714-4.571-28-4.571-42.286 0-101.714 82.286-184.571 184.571-184.571 53.143 0 101.143 22.286 134.857 58.286 41.714-8 81.714-23.429 117.143-44.571-13.714 42.857-42.857 78.857-81.143 101.714 37.143-4 73.143-14.286 106.286-28.571z"],"width":950.8571428571428,"attrs":[],"isMulticolor":false,"isMulticolor2":false,"tags":["twitter"],"defaultCode":61593,"grid":14},"attrs":[],"properties":{"name":"twitter","id":145,"order":5,"prevSize":28,"code":61593},"setIdx":0,"setId":2,"iconIdx":145},{"icon":{"paths":["M438.857 73.143c242.286 0 438.857 196.571 438.857 438.857 0 193.714-125.714 358.286-300 416.571-22.286 4-30.286-9.714-30.286-21.143 0-14.286 0.571-61.714 0.571-120.571 0-41.143-13.714-67.429-29.714-81.143 97.714-10.857 200.571-48 200.571-216.571 0-48-17.143-86.857-45.143-117.714 4.571-11.429 19.429-56-4.571-116.571-36.571-11.429-120.571 45.143-120.571 45.143-34.857-9.714-72.571-14.857-109.714-14.857s-74.857 5.143-109.714 14.857c0 0-84-56.571-120.571-45.143-24 60.571-9.143 105.143-4.571 116.571-28 30.857-45.143 69.714-45.143 117.714 0 168 102.286 205.714 200 216.571-12.571 11.429-24 30.857-28 58.857-25.143 11.429-89.143 30.857-127.429-36.571-24-41.714-67.429-45.143-67.429-45.143-42.857-0.571-2.857 26.857-2.857 26.857 28.571 13.143 48.571 64 48.571 64 25.714 78.286 148 52 148 52 0 36.571 0.571 70.857 0.571 81.714 0 11.429-8 25.143-30.286 21.143-174.286-58.286-300-222.857-300-416.571 0-242.286 196.571-438.857 438.857-438.857zM166.286 703.429c1.143-2.286-0.571-5.143-4-6.857-3.429-1.143-6.286-0.571-7.429 1.143-1.143 2.286 0.571 5.143 4 6.857 2.857 1.714 6.286 1.143 7.429-1.143zM184 722.857c2.286-1.714 1.714-5.714-1.143-9.143-2.857-2.857-6.857-4-9.143-1.714-2.286 1.714-1.714 5.714 1.143 9.143 2.857 2.857 6.857 4 9.143 1.714zM201.143 748.571c2.857-2.286 2.857-6.857 0-10.857-2.286-4-6.857-5.714-9.714-3.429-2.857 1.714-2.857 6.286 0 10.286s7.429 5.714 9.714 4zM225.143 772.571c2.286-2.286 1.143-7.429-2.286-10.857-4-4-9.143-4.571-11.429-1.714-2.857 2.286-1.714 7.429 2.286 10.857 4 4 9.143 4.571 11.429 1.714zM257.714 786.857c1.143-3.429-2.286-7.429-7.429-9.143-4.571-1.143-9.714 0.571-10.857 4s2.286 7.429 7.429 8.571c4.571 1.714 9.714 0 10.857-3.429zM293.714 789.714c0-4-4.571-6.857-9.714-6.286-5.143 0-9.143 2.857-9.143 6.286 0 4 4 6.857 9.714 6.286 5.143 0 9.143-2.857 9.143-6.286zM326.857 784c-0.571-3.429-5.143-5.714-10.286-5.143-5.143 1.143-8.571 4.571-8 8.571 0.571 3.429 5.143 5.714 10.286 4.571s8.571-4.571 8-8z"],"width":877.7142857142857,"attrs":[],"isMulticolor":false,"isMulticolor2":false,"tags":["github"],"defaultCode":61595,"grid":14},"attrs":[],"properties":{"name":"github","id":147,"order":14,"prevSize":28,"code":61595},"setIdx":0,"setId":2,"iconIdx":147},{"icon":{"paths":["M219.429 768c0 60.571-49.143 109.714-109.714 109.714s-109.714-49.143-109.714-109.714 49.143-109.714 109.714-109.714 109.714 49.143 109.714 109.714zM512 838.286c0.571 10.286-2.857 20-9.714 27.429-6.857 8-16.571 12-26.857 12h-77.143c-18.857 0-34.286-14.286-36-33.143-16.571-174.286-154.857-312.571-329.143-329.143-18.857-1.714-33.143-17.143-33.143-36v-77.143c0-10.286 4-20 12-26.857 6.286-6.286 15.429-9.714 24.571-9.714h2.857c121.714 9.714 236.571 62.857 322.857 149.714 86.857 86.286 140 201.143 149.714 322.857zM804.571 839.429c0.571 9.714-2.857 19.429-10.286 26.857-6.857 7.429-16 11.429-26.286 11.429h-81.714c-19.429 0-35.429-14.857-36.571-34.286-18.857-332-283.429-596.571-615.429-616-19.429-1.143-34.286-17.143-34.286-36v-81.714c0-10.286 4-19.429 11.429-26.286 6.857-6.857 16-10.286 25.143-10.286h1.714c200 10.286 388 94.286 529.714 236.571 142.286 141.714 226.286 329.714 236.571 529.714z"],"width":805.1565714285713,"attrs":[],"isMulticolor":false,"isMulticolor2":false,"tags":["feed","rss"],"defaultCode":61598,"grid":14},"attrs":[],"properties":{"name":"feed, rss","id":150,"order":13,"prevSize":28,"code":61598},"setIdx":0,"setId":2,"iconIdx":150},{"icon":{"paths":["M237.714 731.429c-50.286 0-91.429-41.143-91.429-91.429v-402.286c0-50.286 41.143-91.429 91.429-91.429h621.714c50.286 0 91.429 41.143 91.429 91.429v402.286c0 50.286-41.143 91.429-91.429 91.429h-621.714zM219.429 237.714v402.286c0 9.714 8.571 18.286 18.286 18.286h621.714c9.714 0 18.286-8.571 18.286-18.286v-402.286c0-9.714-8.571-18.286-18.286-18.286h-621.714c-9.714 0-18.286 8.571-18.286 18.286zM1005.714 768h91.429v54.857c0 30.286-41.143 54.857-91.429 54.857h-914.286c-50.286 0-91.429-24.571-91.429-54.857v-54.857h1005.714zM594.286 822.857c5.143 0 9.143-4 9.143-9.143s-4-9.143-9.143-9.143h-91.429c-5.143 0-9.143 4-9.143 9.143s4 9.143 9.143 9.143h91.429z"],"width":1097.142857142857,"attrs":[],"isMulticolor":false,"isMulticolor2":false,"tags":["laptop"],"defaultCode":61705,"grid":14},"attrs":[],"properties":{"name":"laptop","id":238,"order":11,"prevSize":28,"code":61705},